"","USPS","GEOID","ANSICODE","NAME","LSAD","FUNCSTAT","ALAND","AWATER","ALAND_SQMI","AWATER_SQMI","INTPTLAT","INTPTLONG","year"
"282","AL",139088,2628595,"Joppa CDP","57","S",5036126,70366,1.944,0.027,34.299359,-86.5499,2010
"357","AL",151468,2582688,"Morrison Crossroads CDP","57","S",13444307,191484,5.191,0.074,33.417996,-85.488284,2010
"722","AK",236550,2419402,"Kachemak city","25","A",4251011,0,1.641,0,59.674154,-151.437368,2010
"1084","AZ",428120,2408303,"Gold Canyon CDP","57","S",57994005,0,22.392,0,33.371483,-111.436942,2010
"1128","AZ",438940,2582811,"Ko Vaya CDP","57","S",2848387,0,1.1,0,32.081502,-111.895875,2010
"1169","AZ",447740,2582829,"Morristown CDP","57","S",2088910,1737,0.807,0.001,33.855876,-112.612858,2010
"1227","AZ",459770,2582850,"Red Rock CDP","57","S",122516890,9515,47.304,0.004,32.561182,-111.374004,2010
"1311","AZ",473480,2582876,"Theba CDP","57","S",1610093,0,0.622,0,32.918231,-112.889776,2010
"1356","AZ",482155,2409579,"Whetstone CDP","57","S",30832988,2278,11.905,0.001,31.702589,-110.336365,2010
"1362","AZ",482660,2582904,"Why CDP","57","S",23195011,0,8.956,0,32.258973,-112.730634,2010
"1619","AR",532535,2582916,"Hiwasse CDP","57","S",12800382,1806,4.942,0.001,36.423158,-94.327383,2010
"2115","CA",610031,2582958,"Calwa CDP","57","S",1617187,0,0.624,0,36.71373,-119.761239,2010
"2245","CA",617204,2629130,"Crestmore Heights CDP","57","S",744931,0,0.288,0,34.02997,-117.395812,2010
"2320","CA",620746,2408710,"East La Mirada CDP","57","S",2824327,0,1.09,0,33.924373,-117.988726,2010
"2448","CA",629644,2408298,"Glen Avon CDP","57","S",20975719,90084,8.099,0.035,34.016925,-117.48286,2010
"2800","CA",647976,2408838,"Mira Loma CDP","57","S",20711682,394935,7.997,0.152,33.986376,-117.521124,2010
"2915","CA",653924,2408992,"Pleasure Point CDP","57","S",1949091,3266657,0.753,1.261,36.959718,-121.970036,2010
"2959","CA",656350,2409048,"Pedley CDP","57","S",13154574,95701,5.079,0.037,33.978961,-117.472374,2010
"3091","CA",663260,2409222,"Rubidoux CDP","57","S",25017145,740030,9.659,0.286,33.993207,-117.41815,2010
"3257","CA",676022,2410031,"Sunnyslope CDP","57","S",3816501,0,1.474,0,34.020263,-117.425427,2010
"3261","CA",677126,2583156,"Sunset Beach CDP","57","S",498493,12733,0.192,0.005,33.71765,-118.072585,2010
"3282","CA",678134,2629134,"Temescal Valley CDP","57","S",49992807,92242,19.302,0.036,33.758004,-117.467162,2010
"3357","CA",682814,2409516,"Vincent CDP","57","S",3808692,0,1.471,0,34.098245,-117.923795,2010
"3365","CA",683215,2409521,"Contra Costa Centre CDP","57","S",1661729,0,0.642,0,37.926013,-122.054019,2010
"3409","CA",685206,2583184,"Whitewater CDP","57","S",25569328,0,9.872,0,33.935596,-116.687208,2010
"3512","CO",812390,2500981,"Castle Pines North city","25","A",23341601,0,9.012,0,39.462963,-104.869877,2010
"3782","CO",858758,2583279,"Phippsburg CDP","57","S",3071952,0,1.186,0,40.230139,-106.950796,2010
"3885","CO",882905,2583314,"Watkins CDP","57","S",70172718,215,27.094,0,39.703135,-104.576753,2010
"3965","CT",945595,2633319,"Mashantucket CDP","57","S",6614243,0,2.554,0,41.464468,-71.974755,2010
"4560","FL",1239056,2628524,"Lakewood Gardens CDP","57","S",490903,0,0.19,0,26.621953,-80.102156,2010
"4713","FL",1251505,2583372,"Ona CDP","57","S",69200350,0,26.718,0,27.482963,-81.909728,2010
"5451","GA",1356000,2403342,"North Atlanta CDP","57","S",19776005,210572,7.636,0.081,33.862891,-84.333187,2010
"5879","ID",1624940,2585570,"Elk City CDP","57","S",6491359,9577,2.506,0.004,45.82165,-115.4368,2010
"5978","ID",1660890,2611709,"Parkline CDP","57","S",1280411,0,0.494,0,47.338482,-116.693979,2010
"6033","ID",1683260,2585595,"Tyhee CDP","57","S",7436931,19214,2.871,0.007,42.953824,-112.456206,2010
"7691","IN",1836144,2393062,"Indian Heights CDP","57","S",2153861,0,0.832,0,40.424628,-86.117677,2010
"9709","KS",2071350,2397048,"Treece city","25","A",199836,0,0.077,0,37.000485,-94.843693,2010
"9908","KY",2123000,2629605,"Dunmor CDP","57","S",6723443,35674,2.596,0.014,37.07526,-86.995328,2010
"9919","KY",2124346,2628566,"Elk Creek CDP","57","S",14994398,158523,5.789,0.061,38.115191,-85.37163,2010
"9952","KY",2128630,2465547,"Foster city","25","I",252821,0,0.098,0,38.800113,-84.213217,2010
"10089","KY",2151060,2629650,"Maytown CDP","57","S",1478146,0,0.571,0,37.53269,-82.799156,2010
"10940","MD",2406615,2389203,"Bensville CDP","57","S",43756671,2825,16.895,0.001,38.61355,-77.004138,2010
"11052","MD",2424062,2389422,"Dunkirk CDP","57","S",17057562,1939408,6.586,0.749,38.718619,-76.674501,2010
"11152","MD",2441037,2389962,"Huntingtown CDP","57","S",20904503,64772,8.071,0.025,38.61235,-76.62154,2010
"11222","MD",2451860,2583655,"Melwood CDP","57","S",7305197,13198,2.821,0.005,38.801893,-76.841624,2010
"11341","MD",2470530,2583685,"Scaggsville CDP","57","S",26641804,952905,10.286,0.368,39.136148,-76.869185,2010
"11712","MI",2606190,2583718,"Bay Shore CDP","57","S",4188900,1568,1.617,0.001,45.36082,-85.11155,2010
"13158","MN",2764426,2396040,"Tenney city","25","A",54696,0,0.021,0,46.044413,-96.454014,2010
"14415","MO",2960824,2399051,"Rayville village","47","A",639313,0,0.247,0,39.347766,-94.064731,2010
"14464","MO",2964370,2396490,"St. George city","25","A",484559,0,0.187,0,38.537184,-90.313204,2010
"14500","MO",2967880,2399822,"Silver Creek village","47","A",2070115,11530,0.799,0.004,37.038717,-94.469492,2010
"14546","MO",2972780,2587116,"Terre du Lac CDP","57","S",16793853,1215750,6.484,0.469,37.903026,-90.617162,2010
"14793","MT",3031250,2583812,"South Glastonbury CDP","57","S",45533555,869558,17.581,0.336,45.3114,-110.806464,2010
"14845","MT",3041087,2408495,"Knife River CDP","57","S",8674632,0,3.349,0,47.454046,-104.349298,2010
"15293","NE",3124055,2583883,"Inland CDP","57","S",438659,0,0.169,0,40.595358,-98.223235,2010
"15722","NV",3281245,2583963,"Walker Lake CDP","57","S",3531126,0,1.363,0,38.646728,-118.757202,2010
"15984","NJ",3423880,2389090,"Florence CDP","57","S",3270287,586866,1.263,0.227,40.11916,-74.808773,2010
"16037","NJ",3431405,2389926,"Highland Lake CDP","57","S",13133543,2663496,5.071,1.028,41.174024,-74.455183,2010
"16085","NJ",3439920,2390053,"Leisure Village West CDP","57","S",3133187,30943,1.21,0.012,40.010227,-74.281723,2010
"16354","NJ",3480855,2390509,"Whitesboro CDP","57","S",9359542,46799,3.614,0.018,39.042252,-74.868134,2010
"16422","NM",3512008,2584067,"Gallina CDP","57","S",11667796,9279,4.505,0.004,36.230062,-106.808615,2010
"16884","NY",3605193,2389188,"Beaver Dam Lake CDP","57","S",4692493,771373,1.812,0.298,41.44707,-74.115875,2010
"17115","NY",3623635,2391658,"Edwards village","47","A",2522910,29395,0.974,0.011,44.320076,-75.249331,2010
"17356","NY",3640648,2584271,"Lake Luzerne CDP","57","S",6496396,955476,2.508,0.369,43.324809,-73.837711,2010
"17530","NY",3651275,2389554,"Niskayuna CDP","57","S",2609699,0,1.008,0,42.816948,-73.897735,2010
"17682","NY",3660411,2389720,"Quiogue CDP","57","S",3257995,1114924,1.258,0.43,40.819696,-72.62815,2010
"17684","NY",3660576,2391086,"Randolph village","47","A",8419704,27618,3.251,0.011,42.16229,-78.97969,2010
"18309","NC",3731660,2584320,"Hillsdale CDP","57","S",3360195,188147,1.297,0.073,36.01143,-80.433191,2010
"20268","OH",3981942,2397230,"Waverly City city","25","A",10880916,148365,4.201,0.057,39.126185,-82.983389,2010
"20727","OK",4042855,2584384,"Liberty CDP","57","S",6002470,17540,2.318,0.007,35.460861,-94.545749,2010
"20930","OK",4066540,2413273,"Shady Grove town","43","A",43844,0,0.017,0,36.18972,-96.287929,2010
"21240","OR",4137200,2611736,"Jeffers Gardens CDP","57","S",1464129,0,0.565,0,46.151755,-123.852082,2010
"21307","OR",4151500,2611769,"Neahkahnie CDP","57","S",1691348,0,0.653,0,45.732341,-123.939798,2010
"21697","PA",4212396,2628811,"Cetronia CDP","57","S",1964975,0,0.759,0,40.58515,-75.543529,2010
"21970","PA",4225752,2389081,"Fernway CDP","57","S",13944828,0,5.384,0,40.692878,-80.132103,2010
"21999","PA",4227207,2389808,"Fox Run CDP","57","S",6174964,0,2.384,0,40.698324,-80.083245,2010
"22186","PA",4237545,2584473,"Jacksonville CDP","57","S",368058,0,0.142,0,40.992046,-77.633978,2010
"22280","PA",4242084,2390047,"Leola CDP","57","S",15569596,22907,6.011,0.009,40.092846,-76.188885,2010
"22317","PA",4243747,2390079,"Lionville CDP","57","S",6432653,31875,2.484,0.012,40.051597,-75.644132,2010
"22906","PA",4271694,2584510,"Snydertown CDP","57","S",7913292,0,3.055,0,40.987173,-77.599454,2010
"23532","SC",4558165,2403443,"Powdersville CDP","57","S",35937020,327659,13.875,0.127,34.77903,-82.494259,2010
"24253","TN",4740720,2404878,"Lakewood city","25","A",2613491,3457,1.009,0.001,36.241409,-86.636029,2010
"24936","TX",4824558,2584635,"Escobar I CDP","57","S",162245,0,0.063,0,26.414452,-98.967011,2010
"25192","TX",4837116,2575705,"Ivanhoe North city","25","A",4231702,406614,1.634,0.157,30.680971,-94.425093,2010
"25208","TX",4837936,2408451,"Jollyville CDP","57","S",7119877,1179,2.749,0,30.454738,-97.76337,2010
"25614","TX",4853718,2584704,"Old Escobares CDP","57","S",122026,0,0.047,0,26.408782,-98.970021,2010
"25737","TX",4859726,2584715,"Providence CDP","57","S",2992090,7015,1.155,0.003,33.232013,-96.962563,2010
"25808","TX",4862292,2584727,"Rivera CDP","57","S",44446,0,0.017,0,26.411505,-98.970266,2010
"26548","VT",5000625,2378298,"Alburg village","47","A",1651646,0,0.638,0,44.976728,-73.30257,2010
"26591","VT",5033550,2586640,"Hinesburg CDP","57","S",1811421,4644,0.699,0.002,44.330044,-73.102685,2010
"27079","VA",5160500,2584899,"Pantops CDP","57","S",5540765,198923,2.139,0.077,38.033077,-78.444569,2010
"27233","VA",5184366,2389981,"West Falls Church CDP","57","S",12935974,100831,4.995,0.039,38.865559,-77.187699,2010
"27320","WA",5308335,2584950,"Browns Point CDP","57","S",1043706,0,0.403,0,47.304046,-122.436548,2010
"27406","WA",5318195,2408679,"Dollars Corner CDP","57","S",10249067,0,3.957,0,45.780236,-122.599968,2010
"27412","WA",5319420,2408040,"Eastgate CDP","57","S",3098914,0,1.196,0,47.571269,-122.134075,2010
"27413","WA",5319515,2408709,"East Hill-Meridian CDP","57","S",20777978,384869,8.022,0.149,47.409289,-122.172499,2010
"27506","WA",5333380,2408426,"Inglewood-Finn Hill CDP","57","S",15062709,5660022,5.816,2.185,47.720615,-122.233779,2010
"27524","WA",5335835,2408485,"Kingsgate CDP","57","S",6105361,0,2.357,0,47.727301,-122.172983,2010
"27528","WA",5336100,2584991,"Klahanie CDP","57","S",4988443,42596,1.926,0.016,47.57097,-122.008391,2010
"27731","WA",5358865,2585029,"Riverton CDP","57","S",3060876,0,1.182,0,47.494614,-122.311248,2010
"28250","WV",5482180,2585055,"Upper Falls CDP","57","S",43840989,643750,16.927,0.249,38.343509,-81.867372,2010
"28661","WI",5541770,2393084,"Lake Shangrila CDP","57","S",1790440,725671,0.691,0.28,42.505165,-88.06899,2010
"28822","WI",5561725,2393182,"Pell Lake CDP","57","S",10218192,443628,3.945,0.171,42.538783,-88.361505,2010
"28898","WI",5570815,2586548,"St. Joseph CDP","57","S",4910170,0,1.896,0,43.785483,-91.043588,2010
"29132","WY",5629390,2629265,"Fox Park CDP","57","S",2568242,0,0.992,0,41.080133,-106.153387,2010
"29328","PR",7221020,2585091,"Corral Viejo comunidad","55","S",453574,0,0.175,0,18.075455,-66.652336,2010
"3174","CA",671084,2409311,"Shackelford CDP","57","S",1739418,25908,0.672,0.01,37.61357,-120.990161,2013
"4203","FL",1208450,2583332,"Brewster CDP","57","S",5193569,1024290,2.005,0.395,27.761201,-81.98346,2013
"5391","GA",1349000,2404986,"Macon city","25","A",144315085,1665344,55.72,0.643,32.830953,-83.648918,2013
"10879","ME",2372200,2377959,"South Sanford CDP","57","S",59052277,1746124,22.8,0.674,43.390281,-70.711132,2013
"10882","ME",2373285,2377960,"Springvale CDP","57","S",8129086,311173,3.139,0.12,43.467781,-70.801659,2013
"11308","MD",2464535,2583679,"Queenland CDP","57","S",12572518,33245,4.854,0.013,38.805245,-76.79126,2013
"12018","MI",2645070,2583747,"Lakes of the North CDP","57","S",42947909,376269,16.582,0.145,44.930026,-84.88508,2013
"13126","MN",2761308,2628824,"South End CDP","57","S",4577595,0,1.767,0,47.323094,-95.478783,2013
"16674","NM",3559860,2584187,"Pueblo CDP","57","S",4733174,0,1.827,0,35.327274,-105.435304,2013
"17687","NY",3660756,2746455,"Randolph CDP","57","S",8419625,27618,3.251,0.011,42.16229,-78.97969,2013
"17856","NY",3673459,2676039,"Thendara CDP","57","S",1444052,72877,0.558,0.028,43.703769,-74.9969,2013
"20455","OK",4011900,2413167,"Cardin town","43","I",215850,0,0.083,0,36.975033,-94.851044,2013
"20857","OK",4058550,2411416,"Picher city","25","I",4074625,0,1.573,0,36.983487,-94.832456,2013
"21880","PA",4221786,2389449,"East Rutherford CDP","57","S",972937,0,0.376,0,40.371131,-77.604695,2013
"25404","TX",4844166,2408142,"Lost Creek CDP","57","S",8430041,0,3.255,0,30.294422,-97.845303,2013
"26281","UT",4920890,2410386,"East Carbon city","25","A",23232014,15905,8.97,0.006,39.533055,-110.429496,2013
"26494","UT",4974370,2412007,"Sunnyside city","25","A",8112608,0,3.132,0,39.553167,-110.40326,2013
"27161","VA",5173894,2629845,"Southampton Meadows CDP","57","S",740742,0,0.286,0,36.591619,-76.929289,2013
"28673","WI",5543985,2586526,"Lily Lake CDP","57","S",1358833,345126,0.525,0.133,42.566179,-88.215287,2013
"4487","FL",1234175,2404770,"Islandia city","25","I",13771206,158177295,5.317,61.073,25.414727,-80.207389,2014
"5305","GA",1337816,2404678,"Helena city","25","A",5413726,52718,2.09,0.02,32.079038,-82.910156,2014
"5390","GA",1349084,2405056,"McRae city","25","A",11254468,202180,4.345,0.078,32.056454,-82.890732,2014
"7909","IN",1862388,2583465,"Purdue University CDP","57","S",3358393,0,1.297,0,40.429059,-86.923514,2014
"8695","IA",1952410,2395332,"Millville city","25","A",172687,0,0.067,0,42.70364,-91.076388,2014
"12984","MN",2747923,2393165,"Oakport CDP","57","S",7692466,0,2.97,0,46.936052,-96.770351,2014
"13176","MN",2764750,2396051,"Thomson city","25","A",4791448,938699,1.85,0.362,46.668704,-92.401546,2014
"21224","OR",4127350,2408268,"Fruitdale CDP","57","S",1230988,32462,0.475,0.013,42.417402,-123.303664,2014
"23775","SD",4615250,2628843,"Dakota Dunes CDP","57","S",6412012,1001400,2.476,0.387,42.490311,-96.483992,2014
"24919","TX",4822150,2584625,"East Lopez CDP","57","S",53542,0,0.021,0,26.308661,-98.637851,2014
"25082","TX",4830422,2408313,"Grand Acres CDP","57","S",1189834,0,0.459,0,26.24242,-97.829148,2014
"25297","TX",4840270,2584663,"Lago Vista CDP","57","S",1141910,0,0.441,0,26.564322,-99.107767,2014
"26219","TX",4879676,2409609,"Windemere CDP","57","S",1375803,679,0.531,0,30.45865,-97.662509,2014
"27281","VA",5187430,2584939,"Woodlawn CDP","57","S",5975939,25413,2.307,0.01,38.732885,-77.11517,2014
"777","AK",246560,2418701,"McKinley Park CDP","57","S",456597671,624910,176.293,0.241,63.572867,-148.67344,2015
"5577","GA",1373200,2629787,"Statenville CDP","57","S",11955936,0,4.616,0,30.706502,-83.019027,2015
"5619","GA",1377652,2402939,"Tucker CDP","57","S",30912562,283105,11.935,0.109,33.852958,-84.221131,2015
"12408","MN",2702260,2393319,"Arnold CDP","57","S",29951747,126701,11.564,0.049,46.872645,-92.103261,2015
"17113","NY",3622065,2389431,"East Garden City CDP","57","S",7742165,20458,2.989,0.008,40.731635,-73.598867,2015
"22386","PA",4245448,1215104,"Lumber City borough","21","A",7099376,374353,2.741,0.145,40.930108,-78.576287,2015
"24928","TX",4821283,2408686,"Doyle CDP","57","S",2120299,0,0.819,0,27.885676,-97.352928,2015
"27580","WA",5336101,2584991,"Klahanie CDP","57","S",4988427,42596,1.926,0.016,47.569504,-122.008286,2015
"28180","WV",5454508,2586854,"Minden CDP","57","S",1280167,0,0.494,0,37.976772,-81.116085,2015
"802","AK",253162,2418735,"New Allakaket CDP","57","S",6350272,978129,2.452,0.378,66.538603,-152.621292,2016
"1493","AR",514770,2404097,"College City city","25","A",1130415,0,0.436,0,36.125354,-90.940033,2016
"5529","GA",1365604,2407225,"Riverside town","43","A",540792,7577,0.209,0.003,31.178282,-83.804328,2016
"56191","GA",1377625,2783946,"Tucker city","25","A",51098612,345776,19.729,0.134,33.845169,-84.202085,2016
"13709","MO",2904240,2398078,"Bellerive village","47","A",873665,0,0.337,0,38.712326,-90.312164,2016
"25644","TX",4852362,2584703,"Northridge CDP","57","S",59373,0,0.023,0,26.413767,-98.996472,2016
"27260","VA",5179952,2390414,"Tysons Corner CDP","57","S",11045795,28113,4.265,0.011,38.921355,-77.227621,2016
"611","AK",205200,2419361,"Barrow city","25","A",48614770,7013815,18.77,2.708,71.251679,-156.800524,2017
"1146","AZ",441540,2408621,"Littletown CDP","57","S",322690,0,0.125,0,32.130494,-110.872812,2017
"3088","CA",662868,2409212,"Roseland CDP","57","S",2445880,0,0.944,0,38.417891,-122.722873,2017
"4705","FL",1250900,2407031,"Ocean Breeze Park town","43","A",429293,115373,0.166,0.045,27.241162,-80.225796,2017
"5480","GA",1359584,2404491,"Payne city","25","A",111139,0,0.043,0,32.851838,-83.679411,2017
"14611","MO",2976264,2400071,"Vinita Terrace village","47","A",150987,0,0.058,0,38.684934,-90.329676,2017
"25115","TX",4830806,2408327,"Greatwood CDP","57","S",6809954,133686,2.629,0.052,29.550898,-95.668998,2017
"25624","TX",4851366,2408921,"New Territory CDP","57","S",11728556,229904,4.528,0.089,29.593036,-95.689122,2017
"25876","TX",4863026,2409204,"Roma Creek CDP","57","S",180,0,0,0,26.422367,-99.015714,2017
"26337","UT",4921115,2746937,"East Carbon-Sunnyside city","25","A",29247903,15905,11.293,0.006,39.533025,-110.42945,2017
"27900","WA",5376055,2409527,"Walnut Grove CDP","57","S",9670172,0,3.734,0,45.676897,-122.607199,2017
"28454","WI",5512400,2393362,"Camp Lake CDP","57","S",11699892,2352012,4.517,0.908,42.529439,-88.13979,2017
"28980","WI",5574025,1584162,"Silver Lake village","47","A",3522122,8280,1.36,0.003,42.548556,-88.16618,2017
"29097","WI",5587325,2586573,"Wilmot CDP","57","S",3439000,0,1.328,0,42.508207,-88.186531,2017
"29130","WY",5602900,2407747,"Antelope Valley-Crestview CDP","57","S",11106821,0,4.288,0,44.222528,-105.473383,2017
"9922","KY",2123140,2403522,"Dycusburg city","25","I",99717,0,0.039,0,37.160361,-88.184612,2018
"11466","MA",2508050,2377995,"Bridgewater CDP","57","S",5895864,62745,2.276,0.024,41.988256,-70.970217,2018
"11609","MA",2555990,2378208,"Randolph CDP","57","S",25455450,1516033,9.828,0.585,42.178993,-71.052654,2018
"11638","MA",2563840,2583711,"Southfield CDP","57","S",2468060,2867,0.953,0.001,42.150373,-70.929497,2018
"14164","MO",2939990,2398382,"Lake Mykee Town village","47","A",479310,151130,0.185,0.058,38.674696,-92.104555,2018
"14229","MO",2945110,2399216,"Mackenzie village","47","A",60345,0,0.023,0,38.580951,-90.316401,2018
"14896","MT",3049400,2583830,"Midvale CDP","57","S",1092877,0,0.422,0,48.890181,-115.054442,2018
"28431","WI",5509975,1582866,"Brokaw village","47","A",2678208,452431,1.034,0.175,45.026152,-89.655293,2018
"766","AK",242832,2418681,"Lakes CDP","57","S",32613195,3680141,12.592,1.421,61.605228,-149.311459,2019
"817","AK",256250,2419149,"Northway Junction CDP","57","S",21024044,251880,8.117,0.097,63.02415,-141.791228,2019
"818","AK",256260,2419150,"Northway Village CDP","57","S",6086848,14650,2.35,0.006,62.982423,-141.925188,2019
"1212","AZ",455575,2582841,"Pimaco Two CDP","57","S",11715410,0,4.523,0,31.9666,-110.466357,2019
"2066","CA",607379,2407879,"Bonadelle Ranchos-Madera Ranchos CDP","57","S",30141274,0,11.638,0,36.984535,-119.874765,2019
"2132","CA",610559,2407946,"Camp Pendleton North CDP","57","S",22917248,525021,8.848,0.203,33.319407,-117.319418,2019
"2525","CA",633633,2408387,"Highlands-Baywood Park CDP","57","S",4689182,0,1.811,0,37.522644,-122.344765,2019
"3249","CA",675168,2410005,"Storrie CDP","57","S",217322,0,0.084,0,39.927265,-121.317199,2019
"3254","CA",675588,2585450,"Sugarloaf Mountain Park CDP","57","S",273752,0,0.106,0,35.837963,-118.603961,2019
"3513","CO",812080,2803717,"Carbonate town","43","A",2569452,35903,0.992,0.014,39.746462,-107.340127,2019
"3937","CT",918920,2377813,"Darien CDP","57","S",32774485,28026884,12.654,10.821,41.05215,-73.479714,2019
"4027","CT",974260,2377868,"Stratford CDP","57","S",45275801,6309952,17.481,2.436,41.205688,-73.127986,2019
"4035","CT",977270,2377874,"Trumbull CDP","57","S",60189111,623554,23.239,0.241,41.272891,-73.211899,2019
"4045","CT",983570,2377880,"Westport CDP","57","S",51695169,34950171,19.96,13.494,41.120831,-73.343464,2019
"4429","FL",1228050,2402554,"Gulf Gate Estates CDP","57","S",7002749,284763,2.704,0.11,27.257768,-82.506111,2019
"4565","FL",1239075,2404870,"Lake Worth city","25","A",15262994,2382950,5.893,0.92,26.61972,-80.058718,2019
"4955","FL",1273287,2402947,"University Park CDP","57","S",10335534,333857,3.991,0.129,25.749658,-80.371185,2019
"4968","FL",1274498,2402969,"Villano Beach CDP","57","S",4593268,76114,1.773,0.029,29.930346,-81.301077,2019
"5725","HI",1525400,2414061,"Kalaoa CDP","57","S",101446432,16686955,39.169,6.443,19.757856,-156.001849,2019
"5728","HI",1528400,2414064,"Kaneohe Station CDP","57","S",11405739,3671246,4.404,1.417,21.445447,-157.751436,2019
"5805","HI",1575800,2414154,"Waikane CDP","57","S",17607567,969754,6.798,0.374,21.489778,-157.865965,2019
"9316","KS",2024725,2394823,"Freeport city","25","A",500175,0,0.193,0,37.198889,-97.854268,2019
"10816","ME",2308500,2377894,"Brunswick Station CDP","57","S",12523165,75871,4.835,0.029,43.891432,-69.937753,2019
"10899","ME",2366110,2377954,"Scarborough CDP","57","S",12880387,34431,4.973,0.013,43.599457,-70.331967,2019
"11450","MA",2501360,2377979,"Amherst Center CDP","57","S",12795823,52292,4.94,0.02,42.37528,-72.517884,2019
"11516","MA",2527100,618166,"Greenfield Town city","25","A",55458954,1195667,21.413,0.462,42.614671,-72.597063,2019
"11517","MA",2527147,2378025,"Green Harbor-Cedar Crest CDP","57","S",4647486,421342,1.794,0.163,42.076977,-70.656699,2019
"11579","MA",2546295,2378178,"North Amherst CDP","57","S",5515239,3930,2.129,0.002,42.404157,-72.522635,2019
"11636","MA",2562675,2378226,"South Amherst CDP","57","S",10950910,63370,4.228,0.024,42.337427,-72.517499,2019
"11728","MI",2605470,2393327,"Barnes Lake-Millers Lake CDP","57","S",7918360,1035617,3.057,0.4,43.177743,-83.31334,2019
"12658","MN",2721190,2583776,"Fish Lake CDP","57","S",2365577,871152,0.913,0.336,43.838611,-95.047048,2019
"12961","MN",2745268,2628823,"Nett Lake CDP","57","S",4456173,0,1.721,0,48.114619,-93.081069,2019
"13316","MS",2807340,2586583,"Bogue Chitto CDP","57","S",5849152,0,2.258,0,31.429417,-90.461885,2019
"14020","MO",2927900,2398177,"Goodnight village","47","A",1806357,46095,0.697,0.018,37.452034,-93.229865,2019
"15942","NJ",3413399,2389330,"Clearbrook Park CDP","57","S",2263748,27476,0.874,0.011,40.309995,-74.464629,2019
"16263","NJ",3463840,2612511,"Robbinsville CDP","57","S",1656965,45302,0.64,0.017,40.219971,-74.630225,2019
"16302","NJ",3468304,2390310,"Society Hill CDP","57","S",3578901,1089,1.382,0,40.533314,-74.456726,2019
"16430","NM",3508185,2584058,"Bluewater Acres CDP","57","S",8116415,5929,3.134,0.002,35.266646,-108.126938,2019
"16560","NM",3534760,1852627,"Isleta Village Proper CDP","57","S",693920,0,0.268,0,34.906572,-106.693469,2019
"16834","NM",3586175,2584241,"Young Place CDP","57","S",4433166,0,1.712,0,36.993434,-107.493052,2019
"16890","NY",3604154,2389169,"Baldwin Harbor CDP","57","S",2998147,1457085,1.158,0.563,40.629981,-73.601992,2019
"16983","NY",3612532,2389278,"Carmel Hamlet CDP","57","S",21610448,5301029,8.344,2.047,41.420695,-73.687422,2019
"17043","NY",3617620,2584247,"Conesus Hamlet CDP","57","S",2742085,0,1.059,0,42.726333,-77.669676,2019
"17051","NY",3618118,2761350,"Copake Hamlet CDP","57","S",2099432,0,0.811,0,42.104073,-73.549565,2019
"17185","NY",3626752,2584256,"Fort Covington Hamlet CDP","57","S",50042595,26601,19.322,0.01,44.971778,-74.507574,2019
"17281","NY",3632424,2390884,"Harrisville village","47","A",2034569,119872,0.786,0.046,44.153352,-75.321198,2019
"17541","NY",3650257,2389549,"Newfield Hamlet CDP","57","S",3256315,2549,1.257,0.001,42.357511,-76.59381,2019
"17597","NY",3654112,2389842,"Oak Beach-Captree CDP","57","S",7139275,2384310,2.756,0.921,40.650793,-73.272512,2019
"17745","NY",3663742,2389777,"Rosendale Hamlet CDP","57","S",4931371,143082,1.904,0.055,41.853172,-74.07142,2019
"17803","NY",3666481,2390276,"Setauket-East Setauket CDP","57","S",22000979,2114203,8.495,0.816,40.928939,-73.102493,2019
"17858","NY",3670477,2584293,"Springwater Hamlet CDP","57","S",3447095,0,1.331,0,42.63499,-77.596423,2019
"17894","NY",3674183,2390395,"Tonawanda CDP","57","S",44804909,3998029,17.299,1.544,42.985114,-78.875755,2019
"18027","NY",3684035,2584306,"York Hamlet CDP","57","S",7133086,0,2.754,0,42.869559,-77.887228,2019
"18297","NC",3727320,2407469,"Grandfather village","47","A",4012197,108083,1.549,0.042,36.098898,-81.84675,2019
"19280","OH",3907454,2393341,"Boardman CDP","57","S",39176683,445568,15.126,0.172,41.033132,-80.665596,2019
"19945","OH",3955664,2399494,"Newtonsville village","47","A",491936,0,0.19,0,39.181067,-84.089591,2019
"20178","OH",3972760,2399830,"Smithfield village","47","A",2448827,0,0.945,0,40.271557,-80.777269,2019
"20824","OK",4047810,2408818,"Meridian CDP","57","S",19391027,379735,7.487,0.147,34.42474,-97.977401,2019
"20961","OK",4064875,2409236,"Salem CDP","57","S",8640681,6301,3.336,0.002,35.764728,-94.574949,2019
"20973","OK",4066050,2409293,"Scraper CDP","57","S",13854352,375220,5.349,0.145,35.970552,-94.892782,2019
"21353","OR",4150235,2408877,"Mount Hood Village CDP","57","S",67714035,1514,26.145,0.001,45.323984,-121.990453,2019
"21877","PA",4219161,2389407,"Dicksonville CDP","57","S",2336660,8555,0.902,0.003,40.71617,-79.010553,2019
"22025","PA",4226328,2633655,"Flora Dale CDP","57","S",155379,0,0.06,0,39.959798,-77.24834,2019
"22966","PA",4272403,2390324,"South Park Township CDP","57","S",24009758,0,9.27,0,40.298944,-79.994384,2019
"23105","PA",4279277,2390421,"Upper St. Clair CDP","57","S",25449310,0,9.826,0,40.333591,-80.084192,2019
"23299","RI",4473130,2378116,"Wakefield-Peacedale CDP","57","S",12648059,686312,4.883,0.265,41.446108,-71.500302,2019
"23847","SD",4624775,2584555,"Goodwill CDP","57","S",1955998,46111,0.755,0.018,45.566042,-97.055889,2019
"23912","SD",4637140,1267463,"Lily town","43","A",781308,0,0.302,0,45.181749,-97.68348,2019
"24305","TN",4740240,2405970,"Lake City city","25","A",3984156,0,1.538,0,36.224183,-84.15473,2019
"24688","TX",4810087,2409895,"Brazos Bend city","25","A",1629241,802302,0.629,0.31,32.479138,-97.763921,2019
"24846","TX",4817024,2413245,"Corral City town","43","A",397169,0,0.153,0,33.098512,-97.230394,2019
"25021","TX",4825656,2408205,"Faysville CDP","57","S",1361841,0,0.526,0,26.405423,-98.129897,2019
"25406","TX",4842808,2412898,"Lincoln Park town","43","A",421742,5872,0.163,0.002,33.225305,-96.972912,2019
"25449","TX",4844078,2584682,"Los Centenarios CDP","57","S",487244,0,0.188,0,27.61226,-99.212988,2019
"25550","TX",4848516,2412999,"Millican town","43","A",10394359,11157,4.013,0.004,30.466699,-96.203186,2019
"25993","TX",4867766,2408734,"Sienna Plantation CDP","57","S",33507963,897378,12.937,0.346,29.485448,-95.506332,2019
"27063","VA",5149792,2629767,"Marumsco CDP","57","S",19220715,1006398,7.421,0.389,38.636296,-77.257245,2019
"27072","VA",5150776,2584879,"Meadow View CDP","57","S",11993242,12777,4.631,0.005,36.763746,-81.88354,2019
"27089","VA",5153031,2584884,"Moorefield Station CDP","57","S",2941726,2166,1.136,0.001,38.999876,-77.493328,2019
"27100","VA",5155272,2629768,"Neabsco CDP","57","S",11936428,633809,4.609,0.245,38.608262,-77.282893,2019
"27488","WA",5322118,2408087,"Erlands Point-Kitsap Lake CDP","57","S",4538227,1495328,1.752,0.577,47.597437,-122.702753,2019
"27564","WA",5334470,2408456,"Junction City CDP","57","S",3585139,498086,1.384,0.192,46.968895,-123.762288,2019
"27708","WA",5349992,2408943,"North Marysville CDP","57","S",3357517,0,1.296,0,48.111155,-122.145873,2019
"27862","WA",5370315,2410056,"Tanner CDP","57","S",9943359,456582,3.839,0.176,47.476623,-121.682885,2019
"27914","WA",5377745,2409567,"West Side Highway CDP","57","S",6555315,334599,2.531,0.129,46.181469,-122.914298,2019
"29454","PR",7245336,2414861,"Levittown comunidad","55","S",5943814,674636,2.295,0.26,18.44474,-66.175684,2019
"29492","PR",7258516,2414895,"Palmas comunidad","55","S",3385397,12947,1.307,0.005,17.988396,-66.025126,2019
"1468","AR",505740,2403866,"Bethel Heights city","25","A",5440669,21958,2.101,0.008,36.221158,-94.129799,2020
"5321","FL",1275625,2405701,"Weeki Wachee city","25","A",2607499,128656,1.007,0.05,28.516532,-82.580682,2020
"28790","VT",5054850,2378325,"Perkinsville village","47","A",472250,20677,0.182,0.008,43.371285,-72.514373,2020
